abdomen,0
abdominal,1
abdominal pain,2
ability,3
able,4
able control,5
able eat,6
able fall,7
able fall asleep,8
able get,9
able lose,10
able quit,11
able sleep,12
able stop,13
able take,14
abnormal,15
absolute,16
absolutely,17
absolutely amazing,18
absolutely love,19
absolutely nothing,20
acanya,21
accident,22
according,23
accutane,24
accutane month,25
accutane year,26
ache,27
achieve,28
acid,29
acid reflux,30
acne,31
acne acne,32
acne almost,33
acne also,34
acne always,35
acne around,36
acne away,37
acne back,38
acne bad,39
acne breakout,40
acne came,41
acne came back,42
acne cheek,43
acne chin,44
acne clear,45
acne cleared,46
acne come,47
acne come back,48
acne completely,49
acne cream,50
acne ever,51
acne face,52
acne first,53
acne forehead,54
acne free,55
acne get,56
acne getting,57
acne gone,58
acne got,59
acne got worse,60
acne gotten,61
acne life,62
acne like,63
acne long,64
acne medication,65
acne month,66
acne much,67
acne never,68
acne nothing,69
acne prescribed,70
acne pretty,71
acne problem,72
acne really,73
acne scar,74
acne severe,75
acne since,76
acne since tried,77
acne since year,78
acne started,79
acne still,80
acne took,81
acne treatment,82
acne tried,83
acne used,84
acne week,85
acne well,86
acne went,87
acne within,88
acne worse,89
acne worst,90
acne would,91
acne year,92
acne year tried,93
across,94
act,95
acting,96
active,97
activity,98
actos,99
actual,100
actually,101
actually work,102
aczone,103
adapalene,104
add,105
added,106
addict,107
addicted,108
addiction,109
addictive,110
adding,111
addition,112
additional,113
adhd,114
adipex,115
adipex day,116
adipex month,117
adjust,118
adjusted,119
adjusting,120
adjustment,121
admit,122
adult,123
adult acne,124
adult life,125
adverse,126
advice,127
advil,128
advise,129
advised,130
affect,131
affected,132
affected area,133
affecting,134
afford,135
affordable,136
afraid,137
afrezza,138
afternoon,139
afterwards,140
age,141
agitated,142
ago,143
ago acne,144
ago already,145
ago doctor,146
ago first,147
ago lb,148
ago lost,149
ago lost lb,150
ago lost pound,151
ago prescribed,152
ago side,153
ago side effect,154
ago started,155
ago still,156
ago today,157
ago went,158
agree,159
agreed,160
ahead,161
aid,162
air,163
alarm,164
alcohol,165
alcohol withdrawal,166
alcoholic,167
alcoholism,168
alert,169
aleve,170
allergic,171
allergic reaction,172
allergy,173
alli,174
allow,175
allowed,176
allows,177
almost,178
almost completely,179
almost every,180
almost gone,181
almost immediately,182
almost month,183
almost two,184
almost week,185
almost year,186
alone,187
along,188
alot,189
already,190
already lost,191
already lost lb,192
already lost pound,193
also,194
also experienced,195
also feel,196
also felt,197
also get,198
also got,199
also help,200
also helped,201
also lost,202
also made,203
also noticed,204
also prescribed,205
also started,206
also take,207
also take metformin,208
also taking,209
also use,210
also used,211
also using,212
also work,213
alternative,214
although,215
altogether,216
always,217
amazed,218
amazing,219
amazing result,220
amazingly,221
ambien,222
ambien lunesta,223
ambien work,224
ambien worked,225
ambien year,226
amitriptyline,227
amount,228
amount food,229
amount time,230
amount weight,231
anger,232
angry,233
ankle,234
annoying,235
another,236
another lb,237
another month,238
another one,239
another pound,240
another week,241
answer,242
antabuse,243
anti,244
anti depressant,245
antibiotic,246
antidepressant,247
anxiety,248
anxiety attack,249
anxiety depression,250
anxiety insomnia,251
anxious,252
anybody,253
anymore,254
anyone,255
anyone else,256
anyone struggling,257
anything,258
anything else,259
anything like,260
anyway,261
anyways,262
anywhere,263
apart,264
app,265
apparently,266
appear,267
appeared,268
appetite,269
appetite craving,270
appetite decreased,271
appetite eat,272
appetite feel,273
appetite gone,274
appetite suppressant,275
apple,276
application,277
applied,278
apply,279
applying,280
appointment,281
approved,282
approx,283
approximately,284
april,285
aquaphor,286
area,287
arm,288
around,289
around chin,290
around day,291
around eye,292
around lb,293
around month,294
around mouth,295
around nose,296
around period,297
around pound,298
around time,299
around week,300
around year,301
arthritis,302
aside,303
ask,304
ask doctor,305
asked,306
asked doctor,307
asking,308
asleep,309
asleep hour,310
asleep night,311
asleep stay,312
asleep stay asleep,313
asleep staying,314
asleep staying asleep,315
asleep wake,316
asleep within,317
asleep within minute,318
aspect,319
associated,320
ate,321
ativan,322
atralin,323
attack,324
attempt,325
attention,326
attitude,327
aug,328
august,329
avail,330
available,331
average,332
averaging,333
avoid,334
awake,335
awake hour,336
awake night,337
aware,338
away,339
away day,340
away soon,341
away time,342
awesome,343
awful,344
awhile,345
awoke,346
baby,347
back,348
back acne,349
back asleep,350
back chest,351
back day,352
back dermatologist,353
back doctor,354
back month,355
back neck,356
back normal,357
back one,358
back pain,359
back pill,360
back sleep,361
back smoking,362
back started,363
back track,364
back week,365
back went,366
back year,367
baclofen,368
bacteria,369
bactrim,370
bad,371
bad acne,372
bad breakout,373
bad cystic,374
bad cystic acne,375
bad dream,376
bad experience,377
bad headache,378
bad side,379
bad side effect,380
bad skin,381
bad taste,382
bad thing,383
badly,384
bag,385
balance,386
balanced,387
band,388
bar,389
barely,390
based,391
basically,392
basis,393
bathroom,394
battle,395
battled,396
battling,397
bear,398
bearable,399
beat,400
beautiful,401
became,402
become,403
becomes,404
becoming,405
bed,406
bed time,407
bedtime,408
beer,409
began,410
began taking,411
began using,412
begin,413
beginning,414
begun,415
behavior,416
behind,417
belching,418
believe,419
belly,420
belsomra,421
belviq,422
belviq day,423
belviq month,424
belviq week,425
benadryl,426
beneficial,427
benefit,428
benzaclin,429
benzodiazepine,430
benzos,431
benzoyl,432
benzoyl peroxide,433
besides,434
best,435
best decision,436
best decision ever,437
best ever,438
best luck,439
best medicine,440
best part,441
best result,442
best sleep,443
best thing,444
best thing ever,445
better,446
better choice,447
better day,448
better ever,449
better month,450
better result,451
better skin,452
better sleep,453
better still,454
better year,455
beware,456
beyaz,457
beyond,458
big,459
big deal,460
big difference,461
bigger,462
biggest,463
bike,464
binge,465
binge eating,466
bipolar,467
birth,468
birth control,469
birth control pill,470
birthday,471
bit,472
bit nausea,473
bite,474
black,475
black head,476
blackhead,477
bladder,478
bleeding,479
bleeds,480
blemish,481
blessing,482
bloated,483
bloating,484
block,485
blood,486
blood glucose,487
blood pressure,488
blood sugar,489
blood sugar level,490
blood sugar reading,491
blood test,492
blood work,493
blown,494
blue,495
blurred,496
blurred vision,497
blurry,498
blurry vision,499
bmi,500
body,501
body ache,502
body get,503
body get used,504
bone,505
bontril,506
bonus,507
boob,508
book,509
boost,510
borderline,511
bored,512
born,513
bother,514
bothered,515
bothersome,516
bottle,517
bottom,518
bought,519
bout,520
bowel,521
bowel movement,522
box,523
boy,524
boyfriend,525
brain,526
brain fog,527
brand,528
brand name,529
bread,530
break,531
break out,532
breakfast,533
breaking,534
breakout,535
breakthrough,536
breast,537
breath,538
breathe,539
breathing,540
bright,541
bring,542
bringing,543
brings,544
broke,545
broken,546
brother,547
brought,548
brown,549
build,550
build tolerance,551
built,552
built tolerance,553
bump,554
bump forehead,555
bumped,556
bumpy,557
bunch,558
bupropion,559
burn,560
burned,561
burning,562
burning sensation,563
burnt,564
burp,565
burping,566
burst,567
busy,568
butt,569
buy,570
buying,571
bydureon,572
byetta,573
bypass,574
caffeine,575
cake,576
cal,577
call,578
called,579
called doctor,580
calm,581
calmed,582
caloric,583
caloric intake,584
calorie,585
calorie day,586
calorie diet,587
calorie intake,588
calorie per,589
calorie per day,590
came,591
came back,592
campral,593
cancer,594
candy,595
cant,596
capsule,597
car,598
carb,599
carb diet,600
carbs,601
card,602
cardio,603
care,604
careful,605
carry,606
case,607
cat,608
catch,609
caught,610
cause,611
caused,612
causing,613
caution,614
center,615
cerave,616
certain,617
certainly,618
cessation,619
cetaphil,620
champix,621
chance,622
change,623
change diet,624
change eating,625
change eating habit,626
change life,627
change lifestyle,628
change skin,629
changed,630
changed diet,631
changed eating,632
changed eating habit,633
changed life,634
changer,635
changing,636
chantix,637
chantix day,638
chantix first,639
chantix month,640
chantix quit,641
chantix smoked,642
chantix week,643
chantix worked,644
chapped,645
chapped lip,646
chapstick,647
charm,648
cheap,649
cheaper,650
cheat,651
check,652
checked,653
checking,654
cheek,655
cheek chin,656
cheek forehead,657
cheese,658
chemical,659
chest,660
chest back,661
chest pain,662
chew,663
chewing,664
chicken,665
child,666
chill,667
chin,668
chin area,669
chin cheek,670
chin forehead,671
chocolate,672
choice,673
cholesterol,674
choose,675
chose,676
christmas,677
chronic,678
chronic insomnia,679
chronic pain,680
cig,681
cigarette,682
cigarette day,683
cigarette since,684
cigs,685
claravis,686
class,687
clean,688
cleaning,689
cleanser,690
cleansing,691
clear,692
clear acne,693
clear face,694
clear month,695
clear skin,696
cleared,697
cleared acne,698
cleared completely,699
cleared face,700
cleared skin,701
clearer,702
clearing,703
clearing acne,704
clearly,705
clindamycin,706
clinic,707
clinique,708
clock,709
clogged,710
clogged pore,711
clonazepam,712
close,713
closed,714
clothes,715
coconut,716
codeine,717
coffee,718
coke,719
cold,720
cold turkey,721
college,722
combat,723
combination,724
combined,725
combo,726
come,727
come back,728
comfortable,729
coming,730
coming back,731
comment,732
commercial,733
committed,734
common,735
common side,736
common side effect,737
company,738
compare,739
compared,740
complain,741
complaining,742
complaint,743
complete,744
completed,745
completely,746
completely clear,747
completely cleared,748
completely gone,749
completely stopped,750
complexion,751
complication,752
compliment,753
computer,754
con,755
concentrate,756
concentration,757
concern,758
concerned,759
condition,760
confidence,761
confident,762
confused,763
confusion,764
conjunction,765
conscious,766
consider,767
considerably,768
considered,769
considering,770
consistent,771
consistently,772
constant,773
constantly,774
constipated,775
constipation,776
consuming,777
consumption,778
contact,779
content,780
continue,781
continue take,782
continue taking,783
continue use,784
continue using,785
continued,786
continues,787
continuing,788
continuously,789
contraceptive,790
contrave,791
contrave day,792
contrave first,793
contrave lost,794
contrave month,795
contrave month lost,796
contrave since,797
contrave week,798
contrave week ago,799
control,800
control acne,801
control eat,802
control pill,803
controlled,804
controlling,805
conversation,806
convinced,807
cooking,808
cool,809
copay,810
cope,811
correct,812
cost,813
cost month,814
cotton,815
cotton mouth,816
couch,817
cough,818
coughing,819
could,820
could barely,821
could eat,822
could find,823
could get,824
could hardly,825
could never,826
could see,827
could sleep,828
could stop,829
could take,830
could tell,831
count,832
counter,833
counting,834
counting calorie,835
countless,836
couple,837
couple day,838
couple hour,839
couple month,840
couple time,841
couple week,842
couple year,843
coupon,844
course,845
cover,846
coverage,847
covered,848
covered insurance,849
covering,850
cracked,851
cracker,852
cramp,853
cramping,854
cranky,855
crap,856
crave,857
crave sweet,858
craved,859
craving,860
craving alcohol,861
craving cigarette,862
craving food,863
craving gone,864
craving sweet,865
crazy,866
crazy dream,867
cream,868
cream face,869
credit,870
cried,871
crossed,872
cry,873
cup,874
cup coffee,875
cup size,876
curb,877
curb appetite,878
curbed,879
curbed appetite,880
curbing,881
cure,882
cured,883
current,884
current weight,885
currently,886
cut,887
cut back,888
cut half,889
cut pill,890
cutting,891
cycle,892
cyclen,893
cymbalta,894
cyst,895
cystic,896
cystic acne,897
cystic acne chin,898
cystic acne year,899
cystic pimple,900
dad,901
daily,902
daily basis,903
daily routine,904
dairy,905
damage,906
dangerous,907
dark,908
dark spot,909
date,910
daughter,911
day,912
day acne,913
day ago,914
day ago already,915
day already,916
day already lost,917
day also,918
day back,919
day bad,920
day chantix,921
day cigarette,922
day contrave,923
day could,924
day day,925
day decided,926
day doctor,927
day dose,928
day drink,929
day dry,930
day eat,931
day eating,932
day even,933
day every,934
day exercise,935
day experienced,936
day face,937
day far,938
day feel,939
day feeling,940
day felt,941
day first,942
day first day,943
day first week,944
day get,945
day going,946
day got,947
day great,948
day headache,949
day hoping,950
day however,951
day instead,952
day last,953
day later,954
day lb,955
day like,956
day little,957
day long,958
day lost,959
day lost lb,960
day lost pound,961
day made,962
day make,963
day medication,964
day month,965
day morning,966
day much,967
day nausea,968
day never,969
day next,970
day night,971
day noticed,972
day one,973
day pill,974
day quit,975
day really,976
day saw,977
day see,978
day severe,979
day side,980
day side effect,981
day since,982
day skin,983
day smoke,984
day smoke free,985
day smoked,986
day smoker,987
day smoker year,988
day smoking,989
day sometimes,990
day started,991
day starting,992
day still,993
day stop,994
day stopped,995
day supply,996
day take,997
day taking,998
day think,999
day three,1000
day time,1001
day today,1002
day took,1003
day trial,1004
day tried,1005
day two,1006
day use,1007
day used,1008
day using,1009
day want,1010
day week,1011
day weight,1012
day went,1013
day without,1014
day work,1015
day worked,1016
day would,1017
day year,1018
daytime,1019
dead,1020
deal,1021
dealing,1022
dealt,1023
death,1024
debilitating,1025
dec,1026
decade,1027
december,1028
decent,1029
decide,1030
decided,1031
decided get,1032
decided give,1033
decided see,1034
decided stop,1035
decided stop taking,1036
decided take,1037
decided try,1038
decision,1039
decision ever,1040
decrease,1041
decrease appetite,1042
decreased,1043
decreased appetite,1044
decreasing,1045
deep,1046
deep sleep,1047
definitely,1048
definitely help,1049
definitely helped,1050
definitely recommend,1051
definitely work,1052
definitely worth,1053
degenerative,1054
degree,1055
dehydrated,1056
dehydration,1057
dependency,1058
dependent,1059
depending,1060
depends,1061
depressant,1062
depressed,1063
depression,1064
depression anxiety,1065
deprived,1066
derm,1067
dermatologist,1068
dermatologist gave,1069
dermatologist prescribed,1070
dermatologist prescribed epiduo,1071
dermatologist put,1072
dermatologist recommended,1073
dermatologist said,1074
dermatologist told,1075
describe,1076
described,1077
desire,1078
desire drink,1079
desire eat,1080
desire smoke,1081
desk,1082
desperate,1083
despite,1084
determined,1085
detox,1086
develop,1087
developed,1088
developing,1089
diabetes,1090
diabetic,1091
diabetic year,1092
diagnosed,1093
diagnosed type,1094
diagnosis,1095
diarrhea,1096
didnt,1097
die,1098
died,1099
diet,1100
diet exercise,1101
diet pill,1102
dieting,1103
difference,1104
difference skin,1105
different,1106
different medication,1107
differently,1108
differin,1109
differin gel,1110
difficult,1111
difficulty,1112
diminished,1113
dinner,1114
directed,1115
direction,1116
disappear,1117
disappeared,1118
disappointed,1119
disappointing,1120
disc,1121
discomfort,1122
discontinue,1123
discontinued,1124
discount,1125
discount card,1126
discouraged,1127
discovered,1128
disease,1129
disgusting,1130
disorder,1131
dizziness,1132
dizzy,1133
doc,1134
doc prescribed,1135
doctor,1136
doctor appointment,1137
doctor gave,1138
doctor help,1139
doctor office,1140
doctor prescribe,1141
doctor prescribed,1142
doctor put,1143
doctor recommended,1144
doctor said,1145
doctor say,1146
doctor see,1147
doctor started,1148
doctor suggested,1149
doctor switched,1150
doctor told,1151
doctor took,1152
doctor tried,1153
doctor want,1154
doctor wanted,1155
doesnt,1156
dog,1157
dollar,1158
done,1159
dont,1160
doryx,1161
dos,1162
dosage,1163
dose,1164
dose day,1165
dose lost,1166
dose side,1167
dose side effect,1168
dose still,1169
dose week,1170
dosing,1171
dot,1172
double,1173
doubt,1174
downfall,1175
downside,1176
doxepin,1177
doxy,1178
doxycycline,1179
drag,1180
drained,1181
dramatic,1182
dramatically,1183
drank,1184
drastic,1185
drastically,1186
drawback,1187
dream,1188
dream nightmare,1189
dream vivid,1190
dreaming,1191
dried,1192
dried skin,1193
drink,1194
drink lot,1195
drink lot water,1196
drink plenty,1197
drink plenty water,1198
drink water,1199
drinker,1200
drinker year,1201
drinking,1202
drinking lot,1203
drinking lot water,1204
drinking water,1205
drive,1206
driving,1207
drop,1208
dropped,1209
dropped lb,1210
dropped pound,1211
dropping,1212
drowsiness,1213
drowsy,1214
drug,1215
drug help,1216
drug make,1217
drug month,1218
drug really,1219
drug work,1220
drugged,1221
drunk,1222
dry,1223
dry eye,1224
dry face,1225
dry flaky,1226
dry lip,1227
dry mouth,1228
dry mouth constipation,1229
dry mouth drink,1230
dry mouth side,1231
dry skin,1232
dry skin lip,1233
drying,1234
dryness,1235
duac,1236
due,1237
due side,1238
due side effect,1239
dull,1240
duration,1241
dying,1242
ear,1243
earlier,1244
early,1245
early morning,1246
ease,1247
easier,1248
easily,1249
easy,1250
easy use,1251
eat,1252
eat anything,1253
eat calorie,1254
eat day,1255
eat eat,1256
eat feel,1257
eat food,1258
eat get,1259
eat healthy,1260
eat le,1261
eat little,1262
eat lot,1263
eat meal,1264
eat much,1265
eat right,1266
eat small,1267
eat small meal,1268
eat small portion,1269
eat smaller,1270
eat smaller portion,1271
eat something,1272
eat want,1273
eaten,1274
eater,1275
eating,1276
eating better,1277
eating calorie,1278
eating habit,1279
eating healthier,1280
eating healthy,1281
eating le,1282
eating lot,1283
eating much,1284
eating right,1285
eating small,1286
eczema,1287
edge,1288
effect,1289
effect also,1290
effect appetite,1291
effect away,1292
effect bad,1293
effect constipation,1294
effect day,1295
effect drug,1296
effect dry,1297
effect dry lip,1298
effect dry mouth,1299
effect except,1300
effect experienced,1301
effect far,1302
effect feel,1303
effect feeling,1304
effect felt,1305
effect first,1306
effect get,1307
effect gone,1308
effect headache,1309
effect horrible,1310
effect however,1311
effect insomnia,1312
effect like,1313
effect little,1314
effect lost,1315
effect make,1316
effect medication,1317
effect medicine,1318
effect mild,1319
effect minimal,1320
effect much,1321
effect nausea,1322
effect noticed,1323
effect one,1324
effect people,1325
effect really,1326
effect severe,1327
effect sleep,1328
effect slight,1329
effect started,1330
effect still,1331
effect take,1332
effect taking,1333
effect took,1334
effect week,1335
effect weight,1336
effect went,1337
effect went away,1338
effect whatsoever,1339
effect worth,1340
effect would,1341
effect yet,1342
effective,1343
effectively,1344
effectiveness,1345
effort,1346
egg,1347
eight,1348
either,1349
elavil,1350
eliminate,1351
eliminated,1352
else,1353
embarrassed,1354
embarrassing,1355
emergency,1356
emergency room,1357
emotion,1358
emotional,1359
emotionally,1360
empty,1361
empty stomach,1362
encourage,1363
end,1364
end day,1365
end month,1366
end week,1367
ended,1368
endo,1369
endocrinologist,1370
energetic,1371
energized,1372
energy,1373
energy level,1374
enjoy,1375
enjoyed,1376
enjoying,1377
enough,1378
entire,1379
entire day,1380
entire face,1381
entire life,1382
entirely,1383
epiduo,1384
epiduo forte,1385
epiduo gel,1386
epiduo month,1387
epiduo week,1388
episode,1389
especially,1390
especially around,1391
esteem,1392
etc,1393
even,1394
even feel,1395
even take,1396
even think,1397
even though,1398
even tried,1399
even want,1400
even worse,1401
evening,1402
event,1403
eventually,1404
ever,1405
ever done,1406
ever made,1407
ever since,1408
ever taken,1409
ever tried,1410
ever used,1411
ever worked,1412
every,1413
every day,1414
every diet,1415
every hour,1416
every minute,1417
every month,1418
every morning,1419
every night,1420
every single,1421
every time,1422
every two,1423
every week,1424
everybody,1425
everyday,1426
everyone,1427
everyone different,1428
everyone else,1429
everything,1430
everything else,1431
everything nothing,1432
everything sun,1433
everywhere,1434
exact,1435
exactly,1436
exactly week,1437
example,1438
excellent,1439
except,1440
exception,1441
excercise,1442
excess,1443
excessive,1444
excited,1445
excited see,1446
excruciating,1447
exercise,1448
exercise daily,1449
exercise day,1450
exercise day week,1451
exercise eat,1452
exercise lost,1453
exercise time,1454
exercise time week,1455
exercised,1456
exercising,1457
exhausted,1458
exhaustion,1459
expect,1460
expected,1461
expecting,1462
expensive,1463
experience,1464
experience nausea,1465
experience side,1466
experience side effect,1467
experienced,1468
experienced dry,1469
experienced dry mouth,1470
experienced nausea,1471
experienced severe,1472
experienced side,1473
experienced side effect,1474
experiencing,1475
explained,1476
extended,1477
extended release,1478
extent,1479
extra,1480
extreme,1481
extreme fatigue,1482
extreme nausea,1483
extremely,1484
extremely dry,1485
extremely happy,1486
extremely oily,1487
extremely tired,1488
eye,1489
eye drop,1490
eyebrow,1491
fabulous,1492
face,1493
face acne,1494
face back,1495
face broke,1496
face chest,1497
face clear,1498
face cleared,1499
face completely,1500
face dry,1501
face feel,1502
face get,1503
face got,1504
face look,1505
face really,1506
face red,1507
face started,1508
face wash,1509
facial,1510
fact,1511
factor,1512
fade,1513
faded,1514
fading,1515
fail,1516
failed,1517
failure,1518
fair,1519
fairly,1520
fall,1521
fall asleep,1522
fall asleep stay,1523
fall asleep within,1524
fall back,1525
fall back sleep,1526
fall right,1527
falling,1528
falling asleep,1529
falling asleep staying,1530
family,1531
fantastic,1532
far,1533
far best,1534
far feel,1535
far good,1536
far happy,1537
far lost,1538
far lost lb,1539
far lost pound,1540
far side,1541
far side effect,1542
farxiga,1543
fast,1544
fast food,1545
faster,1546
fastin,1547
fasting,1548
fasting blood,1549
fasting blood sugar,1550
fat,1551
fat diet,1552
father,1553
fatigue,1554
fatigued,1555
fatty,1556
fatty food,1557
fault,1558
favorite,1559
fda,1560
fear,1561
feb,1562
february,1563
fed,1564
feel,1565
feel amazing,1566
feel bad,1567
feel better,1568
feel bit,1569
feel fine,1570
feel full,1571
feel good,1572
feel great,1573
feel groggy,1574
feel hungry,1575
feel like,1576
feel like eating,1577
feel little,1578
feel much,1579
feel much better,1580
feel nauseous,1581
feel need,1582
feel normal,1583
feel really,1584
feel refreshed,1585
feel rested,1586
feel sick,1587
feel sleepy,1588
feel tired,1589
feeling,1590
feeling better,1591
feeling great,1592
feeling hungry,1593
feeling like,1594
feeling much,1595
feeling refreshed,1596
feeling sick,1597
feeling tired,1598
fell,1599
fell asleep,1600
felt,1601
felt bad,1602
felt better,1603
felt fine,1604
felt good,1605
felt great,1606
felt horrible,1607
felt like,1608
felt little,1609
felt nauseous,1610
felt sick,1611
felt tired,1612
female,1613
female started,1614
fever,1615
fewer,1616
fiber,1617
fibromyalgia,1618
fifth,1619
fight,1620
fighting,1621
figure,1622
figured,1623
fill,1624
filled,1625
final,1626
finally,1627
finally decided,1628
finally feel,1629
finally found,1630
finally got,1631
finally went,1632
finally went dermatologist,1633
find,1634
find something,1635
finding,1636
fine,1637
finger,1638
finger crossed,1639
finish,1640
finished,1641
finishing,1642
fioricet,1643
fiorinal,1644
fire,1645
first,1646
first couple,1647
first couple day,1648
first couple month,1649
first couple week,1650
first day,1651
first day felt,1652
first day taking,1653
first day took,1654
first dose,1655
first injection,1656
first month,1657
first month lost,1658
first night,1659
first one,1660
first pack,1661
first pill,1662
first started,1663
first started taking,1664
first started using,1665
first thing,1666
first thing morning,1667
first three,1668
first time,1669
first time life,1670
first time took,1671
first time year,1672
first took,1673
first two,1674
first two day,1675
first two month,1676
first two week,1677
first week,1678
first week lost,1679
first week skin,1680
first week taking,1681
first year,1682
fish,1683
fit,1684
fitness,1685
fitness pal,1686
five,1687
five day,1688
five month,1689
five year,1690
fix,1691
fixed,1692
flake,1693
flakey,1694
flaking,1695
flaky,1696
flaky skin,1697
flare,1698
flash,1699
flat,1700
flawless,1701
floor,1702
flu,1703
fluid,1704
focus,1705
focused,1706
fog,1707
foggy,1708
follow,1709
followed,1710
following,1711
following day,1712
food,1713
food choice,1714
food craving,1715
food eat,1716
food eating,1717
food intake,1718
foot,1719
force,1720
force eat,1721
forced,1722
forehead,1723
forehead cheek,1724
forehead chin,1725
forever,1726
forget,1727
forget eat,1728
forgot,1729
form,1730
forming,1731
forte,1732
forth,1733
forward,1734
found,1735
found something,1736
found work,1737
foundation,1738
four,1739
four day,1740
four hour,1741
four month,1742
four week,1743
four year,1744
fourth,1745
frame,1746
free,1747
free day,1748
free month,1749
free trial,1750
free week,1751
free year,1752
frequency,1753
frequent,1754
frequent urination,1755
frequently,1756
fresh,1757
freshman,1758
friday,1759
fridge,1760
fried,1761
fried food,1762
friend,1763
friend family,1764
front,1765
fruit,1766
fruit veggie,1767
frustrated,1768
frustrating,1769
full,1770
full blown,1771
full day,1772
full dosage,1773
full dose,1774
full fast,1775
full feeling,1776
full hour,1777
full month,1778
full night,1779
full night sleep,1780
full quickly,1781
full time,1782
full week,1783
fuller,1784
fully,1785
fun,1786
function,1787
functioning,1788
funny,1789
fusion,1790
future,1791
fuzzy,1792
gabapentin,1793
gain,1794
gain back,1795
gain weight,1796
gain weight back,1797
gained,1798
gained back,1799
gained lb,1800
gained pound,1801
gained weight,1802
gained weight back,1803
gaining,1804
gaining weight,1805
gallon,1806
garbage,1807
gas,1808
gastric,1809
gastric bypass,1810
gave,1811
gave prescription,1812
gave sample,1813
gel,1814
general,1815
generally,1816
generic,1817
gentle,1818
get,1819
get acne,1820
get back,1821
get back sleep,1822
get bad,1823
get bed,1824
get better,1825
get breakout,1826
get cystic,1827
get day,1828
get dry,1829
get dry mouth,1830
get full,1831
get good,1832
get headache,1833
get hour,1834
get hour sleep,1835
get hungry,1836
get lb,1837
get little,1838
get medication,1839
get occasional,1840
get pill,1841
get pimple,1842
get really,1843
get rid,1844
get rid acne,1845
get sick,1846
get side,1847
get side effect,1848
get sleep,1849
get used,1850
get weight,1851
get worse,1852
get worse get,1853
getting,1854
getting better,1855
getting hour,1856
getting hour sleep,1857
getting rid,1858
getting sleep,1859
getting used,1860
getting worse,1861
gianvi,1862
girl,1863
give,1864
give another,1865
give energy,1866
give medicine,1867
give shot,1868
give time,1869
give try,1870
given,1871
giving,1872
glad,1873
glass,1874
glass water,1875
glass wine,1876
glipizide,1877
glowing,1878
glucose,1879
glucose level,1880
go,1881
go away,1882
goal,1883
goal get,1884
goal lb,1885
goal lose,1886
goal weight,1887
goal weight lb,1888
god,1889
god send,1890
godsend,1891
going,1892
going away,1893
going back,1894
going bed,1895
going continue,1896
going die,1897
going get,1898
going gym,1899
going keep,1900
going month,1901
going see,1902
going sleep,1903
going start,1904
going stop,1905
going take,1906
going try,1907
going week,1908
going work,1909
gon,1910
gone,1911
gone away,1912
gone day,1913
good,1914
good day,1915
good experience,1916
good hour,1917
good luck,1918
good luck everyone,1919
good news,1920
good night,1921
good night sleep,1922
good result,1923
good side,1924
good side effect,1925
good sleep,1926
good thing,1927
goodness,1928
got,1929
got back,1930
got bad,1931
got better,1932
got much,1933
got pill,1934
got point,1935
got pregnant,1936
got prescribed,1937
got prescription,1938
got really,1939
got rid,1940
got sick,1941
got used,1942
got worse,1943
gotten,1944
gotten better,1945
gotten worse,1946
grade,1947
gradually,1948
granted,1949
grateful,1950
greasy,1951
great,1952
great deal,1953
great experience,1954
great first,1955
great medication,1956
great medicine,1957
great product,1958
great result,1959
great side,1960
great side effect,1961
great skin,1962
great sleep,1963
great thing,1964
greatly,1965
green,1966
grew,1967
grogginess,1968
groggy,1969
groggy morning,1970
gross,1971
group,1972
grow,1973
growing,1974
guess,1975
gum,1976
gut,1977
guy,1978
gym,1979
gym time,1980
gym time week,1981
habit,1982
habit forming,1983
hair,1984
hair loss,1985
half,1986
half day,1987
half dose,1988
half hour,1989
half life,1990
half month,1991
half pack,1992
half pill,1993
half week,1994
half year,1995
hallucination,1996
hand,1997
hand foot,1998
handle,1999
hang,2000
hangover,2001
happen,2002
happened,2003
happening,2004
happens,2005
happier,2006
happy,2007
happy result,2008
happy say,2009
hard,2010
hard get,2011
hard time,2012
harder,2013
hardest,2014
hardly,2015
hardly ever,2016
harsh,2017
hate,2018
hated,2019
hba,2020
head,2021
headache,2022
headache day,2023
headache dry,2024
headache first,2025
headache nausea,2026
headed,2027
heal,2028
healed,2029
healing,2030
health,2031
health insurance,2032
health issue,2033
healthier,2034
healthy,2035
healthy diet,2036
healthy eating,2037
healthy food,2038
healthy weight,2039
hear,2040
heard,2041
heart,2042
heart attack,2043
heart beat,2044
heart palpitation,2045
heart racing,2046
heart rate,2047
heartburn,2048
heat,2049
heaviest,2050
heavily,2051
heavy,2052
heavy drinker,2053
height,2054
hell,2055
hello,2056
help,2057
help acne,2058
help clear,2059
help control,2060
help craving,2061
help fall,2062
help fall asleep,2063
help get,2064
help get sleep,2065
help insomnia,2066
help keep,2067
help lose,2068
help lose weight,2069
help lot,2070
help make,2071
help much,2072
help quit,2073
help quit smoking,2074
help sleep,2075
help stay,2076
help weight,2077
help weight loss,2078
helped,2079
helped acne,2080
helped clear,2081
helped get,2082
helped lose,2083
helped lot,2084
helped much,2085
helped sleep,2086
helped tremendously,2087
helpful,2088
helping,2089
herniated,2090
herniated disc,2091
hesitant,2092
hey,2093
hide,2094
high,2095
high blood,2096
high blood pressure,2097
high fat,2098
high hope,2099
high protein,2100
high school,2101
higher,2102
higher dosage,2103
higher dose,2104
highest,2105
highly,2106
highly recommend,2107
highly recommend anyone,2108
highly recommended,2109
hip,2110
history,2111
hit,2112
hit plateau,2113
hive,2114
hold,2115
holding,2116
holiday,2117
home,2118
honest,2119
honestly,2120
honestly say,2121
hope,2122
hope continues,2123
hope get,2124
hope help,2125
hope lose,2126
hope work,2127
hoped,2128
hopeful,2129
hopefully,2130
hopeless,2131
hoping,2132
hoping get,2133
hoping lose,2134
hormonal,2135
hormonal acne,2136
hormone,2137
horrendous,2138
horrible,2139
horrible acne,2140
horrible cystic,2141
horrible headache,2142
horrible side,2143
horrible side effect,2144
horribly,2145
horrific,2146
horror,2147
horror story,2148
hospital,2149
hot,2150
hot flash,2151
hour,2152
hour bed,2153
hour bedtime,2154
hour day,2155
hour later,2156
hour night,2157
hour sleep,2158
hour sleep night,2159
hour straight,2160
hour take,2161
hour taking,2162
hour time,2163
hour two,2164
hour wake,2165
house,2166
however,2167
however side,2168
however side effect,2169
however still,2170
hr,2171
hr sleep,2172
huge,2173
huge difference,2174
huge improvement,2175
humalog,2176
hundred,2177
hunger,2178
hunger craving,2179
hungover,2180
hungry,2181
hungry eat,2182
hungry time,2183
hurt,2184
hurt bad,2185
hurting,2186
husband,2187
hydrated,2188
hydrocodone,2189
hyper,2190
hyperpigmentation,2191
hypnosis,2192
hypothyroidism,2193
hysterectomy,2194
ibs,2195
ibuprofen,2196
ice,2197
ice cream,2198
idea,2199
ideal,2200
ill,2201
illness,2202
imagine,2203
imitrex,2204
immediate,2205
immediately,2206
immensely,2207
immune,2208
impact,2209
important,2210
impossible,2211
impressed,2212
improve,2213
improved,2214
improvement,2215
improvement skin,2216
improving,2217
inch,2218
include,2219
included,2220
including,2221
increase,2222
increase dosage,2223
increase dose,2224
increased,2225
increased dosage,2226
increased dose,2227
increasing,2228
incredible,2229
incredibly,2230
indigestion,2231
individual,2232
induced,2233
ineffective,2234
infection,2235
inflamed,2236
inflammation,2237
info,2238
information,2239
informed,2240
ingredient,2241
inhaler,2242
initial,2243
initial breakout,2244
initially,2245
inject,2246
injecting,2247
injection,2248
injection site,2249
injury,2250
insane,2251
inside,2252
insomnia,2253
insomnia since,2254
insomnia take,2255
insomnia year,2256
insomniac,2257
instant,2258
instantly,2259
instead,2260
instructed,2261
instruction,2262
insulin,2263
insulin resistance,2264
insurance,2265
insurance company,2266
insurance cover,2267
insurance covered,2268
insurance pay,2269
insurance would,2270
intake,2271
intended,2272
intense,2273
interest,2274
interest food,2275
interested,2276
interesting,2277
invokana,2278
irregular,2279
irritability,2280
irritable,2281
irritate,2282
irritated,2283
irritated skin,2284
irritating,2285
irritation,2286
ish,2287
isotretinoin,2288
issue,2289
itch,2290
itching,2291
itchy,2292
ive,2293
jan,2294
january,2295
janumet,2296
januvia,2297
jardiance,2298
jaw,2299
jaw line,2300
jawline,2301
jean,2302
jitter,2303
jittery,2304
job,2305
joint,2306
joint pain,2307
joke,2308
journey,2309
juice,2310
july,2311
jump,2312
jump start,2313
jumped,2314
june,2315
june lost,2316
junior,2317
junk,2318
junk food,2319
keep,2320
keep asleep,2321
keep going,2322
keep mind,2323
keep posted,2324
keep taking,2325
keep updated,2326
keep weight,2327
keeping,2328
kept,2329
kept taking,2330
key,2331
kg,2332
kick,2333
kicked,2334
kid,2335
kidney,2336
kill,2337
killed,2338
killer,2339
killing,2340
kind,2341
kinda,2342
kitchen,2343
klonopin,2344
knee,2345
knew,2346
knock,2347
knocked,2348
know,2349
know work,2350
know would,2351
knowing,2352
known,2353
lab,2354
lack,2355
lack sleep,2356
lady,2357
laid,2358
lantus,2359
large,2360
larger,2361
last,2362
last cigarette,2363
last couple,2364
last day,2365
last long,2366
last month,2367
last night,2368
last resort,2369
last time,2370
last two,2371
last week,2372
last year,2373
lasted,2374
lasted day,2375
lasted week,2376
lasting,2377
late,2378
late night,2379
lately,2380
later,2381
later acne,2382
later lost,2383
later skin,2384
later still,2385
laxative,2386
lay,2387
layer,2388
laying,2389
lazy,2390
lb,2391
lb already,2392
lb also,2393
lb back,2394
lb day,2395
lb doctor,2396
lb exercise,2397
lb far,2398
lb feel,2399
lb first,2400
lb first month,2401
lb first week,2402
lb goal,2403
lb got,2404
lb happy,2405
lb last,2406
lb lb,2407
lb little,2408
lb lost,2409
lb lost lb,2410
lb month,2411
lb one,2412
lb really,2413
lb side,2414
lb side effect,2415
lb since,2416
lb started,2417
lb starting,2418
lb still,2419
lb taking,2420
lb today,2421
lb total,2422
lb week,2423
lb weigh,2424
lb weighed,2425
lb weight,2426
lb went,2427
lb without,2428
lb year,2429
le,2430
le hungry,2431
le le,2432
le month,2433
le week,2434
lead,2435
leaf,2436
lean,2437
learn,2438
learned,2439
learning,2440
least,2441
least day,2442
least hour,2443
least lb,2444
least month,2445
least time,2446
least week,2447
least year,2448
leave,2449
leave house,2450
leaving,2451
left,2452
left side,2453
leg,2454
let,2455
let know,2456
let say,2457
let tell,2458
lethargic,2459
lethargy,2460
level,2461
levemir,2462
librium,2463
lie,2464
life,2465
life back,2466
life changing,2467
life saver,2468
life style,2469
life tried,2470
lifesaver,2471
lifestyle,2472
lifestyle change,2473
lift,2474
lifting,2475
light,2476
light headed,2477
lighter,2478
lightheaded,2479
like,2480
like baby,2481
like charm,2482
like crap,2483
like crazy,2484
like day,2485
like eating,2486
like everyone,2487
like feeling,2488
like get,2489
like going,2490
like lose,2491
like many,2492
like miracle,2493
like need,2494
like never,2495
like new,2496
like normal,2497
like others,2498
like side,2499
like symptom,2500
like taking,2501
like used,2502
liked,2503
likely,2504
limit,2505
limited,2506
line,2507
lip,2508
lip dry,2509
lip dry skin,2510
liquid,2511
list,2512
listed,2513
listen,2514
literally,2515
little,2516
little better,2517
little bit,2518
little dizzy,2519
little dry,2520
little dry mouth,2521
little exercise,2522
little month,2523
little nausea,2524
little side,2525
little side effect,2526
little tired,2527
little week,2528
live,2529
liver,2530
living,2531
load,2532
local,2533
loestrin,2534
log,2535
lol,2536
long,2537
long enough,2538
long period,2539
long remember,2540
long run,2541
long story,2542
long story short,2543
long take,2544
long term,2545
long term use,2546
long time,2547
long way,2548
longer,2549
longer take,2550
longest,2551
look,2552
look better,2553
look forward,2554
look great,2555
look like,2556
look mirror,2557
looked,2558
looked like,2559
looking,2560
looking forward,2561
loose,2562
loose weight,2563
loosing,2564
loosing weight,2565
lortab,2566
lose,2567
lose another,2568
lose lb,2569
lose least,2570
lose pound,2571
lose weight,2572
losing,2573
losing lb,2574
losing pound,2575
losing weight,2576
loss,2577
loss appetite,2578
loss journey,2579
loss lb,2580
loss medication,2581
loss pound,2582
loss yet,2583
lost,2584
lost almost,2585
lost another,2586
lost inch,2587
lost lb,2588
lost lb day,2589
lost lb far,2590
lost lb feel,2591
lost lb first,2592
lost lb month,2593
lost lb side,2594
lost lb since,2595
lost lb started,2596
lost lb week,2597
lost lot,2598
lost much,2599
lost pound,2600
lost pound day,2601
lost pound far,2602
lost pound feel,2603
lost pound first,2604
lost pound month,2605
lost pound side,2606
lost pound started,2607
lost pound week,2608
lost total,2609
lost total lb,2610
lost total pound,2611
lost weight,2612
lot,2613
lot acne,2614
lot better,2615
lot energy,2616
lot le,2617
lot people,2618
lot side,2619
lot side effect,2620
lot water,2621
lot weight,2622
lotion,2623
love,2624
love medication,2625
love medicine,2626
love pill,2627
love product,2628
love stuff,2629
loved,2630
loving,2631
low,2632
low blood,2633
low blood sugar,2634
low calorie,2635
low carb,2636
low carb diet,2637
low dose,2638
low fat,2639
lower,2640
lower back,2641
lower back pain,2642
lower blood,2643
lower blood sugar,2644
lower dose,2645
lowered,2646
lowering,2647
lowest,2648
lowest dose,2649
lozenge,2650
luck,2651
luck everyone,2652
luckily,2653
lucky,2654
lump,2655
lunch,2656
lunch dinner,2657
lunesta,2658
lung,2659
mad,2660
made,2661
made acne,2662
made face,2663
made feel,2664
made nauseous,2665
made sick,2666
made skin,2667
made worse,2668
magic,2669
magic pill,2670
main,2671
mainly,2672
maintain,2673
maintained,2674
maintaining,2675
maintenance,2676
major,2677
major side,2678
major side effect,2679
majority,2680
make,2681
make acne,2682
make better,2683
make change,2684
make difference,2685
make drowsy,2686
make eat,2687
make face,2688
make feel,2689
make nauseous,2690
make sense,2691
make sick,2692
make skin,2693
make sleep,2694
make sleepy,2695
make sure,2696
make sure take,2697
make tired,2698
make want,2699
makeup,2700
making,2701
making sure,2702
male,2703
man,2704
manage,2705
manageable,2706
managed,2707
management,2708
manufacturer,2709
many,2710
many different,2711
many many,2712
many medication,2713
many others,2714
many people,2715
many side,2716
many side effect,2717
many thing,2718
many time,2719
many year,2720
march,2721
march lost,2722
mark,2723
market,2724
married,2725
mask,2726
massive,2727
matter,2728
max,2729
maximum,2730
may,2731
may help,2732
may take,2733
may work,2734
maybe,2735
meal,2736
meal day,2737
mean,2738
meant,2739
meat,2740
med,2741
med week,2742
med work,2743
medical,2744
medication,2745
medication almost,2746
medication also,2747
medication anyone,2748
medication day,2749
medication ever,2750
medication feel,2751
medication first,2752
medication help,2753
medication helped,2754
medication lost,2755
medication made,2756
medication make,2757
medication month,2758
medication really,2759
medication side,2760
medication side effect,2761
medication take,2762
medication two,2763
medication week,2764
medication work,2765
medication worked,2766
medication would,2767
medication year,2768
medicine,2769
medicine day,2770
medicine first,2771
medicine help,2772
medicine helped,2773
medicine make,2774
medicine month,2775
medicine really,2776
medicine side,2777
medicine side effect,2778
medicine take,2779
medicine week,2780
medicine work,2781
medicine worked,2782
medicine year,2783
meet,2784
meeting,2785
melatonin,2786
member,2787
memory,2788
memory loss,2789
menopause,2790
menstrual,2791
mental,2792
mentally,2793
mention,2794
mentioned,2795
mess,2796
messed,2797
met,2798
metabolism,2799
metallic,2800
metallic taste,2801
metformin,2802
metformin day,2803
metformin twice,2804
metformin twice day,2805
method,2806
mg,2807
mid,2808
middle,2809
middle night,2810
middle school,2811
midnight,2812
midrin,2813
might,2814
migraine,2815
migraine headache,2816
mild,2817
mild acne,2818
mild headache,2819
mild moderate,2820
mild moderate acne,2821
mild nausea,2822
mile,2823
mile day,2824
milk,2825
million,2826
min,2827
mind,2828
mine,2829
minimal,2830
minimal side,2831
minimal side effect,2832
minimum,2833
minocycline,2834
minor,2835
minor side,2836
minor side effect,2837
minute,2838
minute day,2839
minute later,2840
minute taking,2841
miracle,2842
miracle drug,2843
miracle pill,2844
mirror,2845
mirtazapine,2846
miserable,2847
miss,2848
missed,2849
missing,2850
mistake,2851
mix,2852
mixed,2853
mo,2854
moderate,2855
moderate acne,2856
moderate severe,2857
moderate severe acne,2858
moderately,2859
moisturiser,2860
moisturize,2861
moisturizer,2862
moisturizing,2863
mom,2864
moment,2865
monday,2866
money,2867
monitor,2868
monodox,2869
month,2870
month accutane,2871
month acne,2872
month ago,2873
month ago lost,2874
month ago started,2875
month already,2876
month also,2877
month back,2878
month completely,2879
month could,2880
month course,2881
month day,2882
month doctor,2883
month even,2884
month face,2885
month feel,2886
month first,2887
month first month,2888
month gained,2889
month get,2890
month going,2891
month got,2892
month great,2893
month half,2894
month happy,2895
month kept,2896
month last,2897
month later,2898
month lb,2899
month lose,2900
month lost,2901
month lost lb,2902
month lost pound,2903
month love,2904
month made,2905
month mark,2906
month medication,2907
month month,2908
month never,2909
month noticed,2910
month period,2911
month pill,2912
month pound,2913
month really,2914
month result,2915
month saw,2916
month see,2917
month side,2918
month side effect,2919
month since,2920
month skin,2921
month smoke,2922
month smoke free,2923
month start,2924
month started,2925
month starting,2926
month still,2927
month stopped,2928
month supply,2929
month take,2930
month taking,2931
month time,2932
month took,2933
month treatment,2934
month tried,2935
month two,2936
month use,2937
month using,2938
month week,2939
month weight,2940
month went,2941
month without,2942
month work,2943
month worked,2944
month would,2945
month year,2946
monthly,2947
mood,2948
mood swing,2949
moody,2950
morning,2951
morning blood,2952
morning day,2953
morning evening,2954
morning night,2955
morning one,2956
mostly,2957
mother,2958
motion,2959
motivated,2960
motivation,2961
mouth,2962
mouth constipation,2963
mouth drink,2964
mouth side,2965
move,2966
moved,2967
movement,2968
moving,2969
mths,2970
much,2971
much appetite,2972
much better,2973
much easier,2974
much eat,2975
much energy,2976
much le,2977
much longer,2978
much lost,2979
much much,2980
much time,2981
much weight,2982
much worse,2983
multiple,2984
muscle,2985
muscle ache,2986
muscle pain,2987
muscle spasm,2988
must,2989
must say,2990
naltrexone,2991
name,2992
nap,2993
naproxen,2994
narcotic,2995
nasty,2996
natural,2997
naturally,2998
nausea,2999
nausea bad,3000
nausea constipation,3001
nausea day,3002
nausea diarrhea,3003
nausea dizziness,3004
nausea first,3005
nausea first day,3006
nausea headache,3007
nausea stomach,3008
nausea vomiting,3009
nauseated,3010
nauseous,3011
near,3012
nearly,3013
nearly year,3014
necessary,3015
neck,3016
need,3017
need eat,3018
need get,3019
need help,3020
need lose,3021
need take,3022
needed,3023
needing,3024
needle,3025
needle say,3026
negative,3027
negative side,3028
negative side effect,3029
neither,3030
nerve,3031
nervous,3032
neurologist,3033
neutrogena,3034
never,3035
never able,3036
never acne,3037
never bad,3038
never ever,3039
never experienced,3040
never felt,3041
never get,3042
never got,3043
never hungry,3044
never looked,3045
never problem,3046
never really,3047
never seen,3048
never side,3049
never side effect,3050
never take,3051
never thought,3052
never thought would,3053
never went,3054
new,3055
new acne,3056
new breakout,3057
new doctor,3058
new one,3059
new pimple,3060
news,3061
next,3062
next day,3063
next month,3064
next morning,3065
next night,3066
next week,3067
nice,3068
nicotine,3069
night,3070
night also,3071
night bed,3072
night day,3073
night fall,3074
night feel,3075
night first,3076
night get,3077
night really,3078
night rest,3079
night sleep,3080
night slept,3081
night started,3082
night still,3083
night take,3084
night taking,3085
night terror,3086
night time,3087
night took,3088
night tried,3089
night use,3090
night wake,3091
night week,3092
night without,3093
night woke,3094
night work,3095
night would,3096
nightly,3097
nightmare,3098
nine,3099
nodule,3100
non,3101
non smoker,3102
non stop,3103
none,3104
none worked,3105
noon,3106
norco,3107
normal,3108
normal range,3109
normally,3110
normally would,3111
nose,3112
nose bleeds,3113
note,3114
noted,3115
nothing,3116
nothing bad,3117
nothing compared,3118
nothing else,3119
nothing ever,3120
nothing handle,3121
nothing help,3122
nothing helped,3123
nothing like,3124
nothing major,3125
nothing really,3126
nothing seemed,3127
nothing work,3128
nothing worked,3129
nothing working,3130
nothing would,3131
notice,3132
notice difference,3133
noticeable,3134
noticeable side,3135
noticeable side effect,3136
noticed,3137
noticed change,3138
noticed difference,3139
noticed huge,3140
noticed side,3141
noticed weight,3142
noticing,3143
nov,3144
november,3145
novolog,3146
nowhere,3147
numb,3148
number,3149
numbness,3150
numerous,3151
nurse,3152
nut,3153
nuvigil,3154
obese,3155
obesity,3156
obviously,3157
occasion,3158
occasional,3159
occasional pimple,3160
occasionally,3161
occasionally get,3162
occur,3163
oct,3164
october,3165
odd,3166
offer,3167
offered,3168
office,3169
officially,3170
often,3171
oil,3172
oil free,3173
oily,3174
oily skin,3175
ointment,3176
okay,3177
old,3178
old acne,3179
old female,3180
old female started,3181
old male,3182
old started,3183
old woman,3184
older,3185
omg,3186
one,3187
one best,3188
one day,3189
one hour,3190
one month,3191
one morning,3192
one night,3193
one pill,3194
one pill day,3195
one pill morning,3196
one pimple,3197
one point,3198
one side,3199
one side effect,3200
one tablet,3201
one thing,3202
one time,3203
one two,3204
one week,3205
one work,3206
one would,3207
one year,3208
onexton,3209
online,3210
onset,3211
onto,3212
open,3213
opinion,3214
opposite,3215
optimistic,3216
option,3217
oral,3218
oral antibiotic,3219
order,3220
ordered,3221
original,3222
originally,3223
orlistat,3224
ortho,3225
ortho tri,3226
ortho tri cyclen,3227
otc,3228
others,3229
otherwise,3230
out,3231
outbreak,3232
outside,3233
outweigh,3234
ovarian,3235
overall,3236
overcome,3237
overeat,3238
overeating,3239
overly,3240
overnight,3241
overweight,3242
pack,3243
pack cigarette,3244
pack day,3245
pack day smoker,3246
pack day year,3247
pack half,3248
pack per,3249
pack per day,3250
packet,3251
paid,3252
pain,3253
pain away,3254
pain back,3255
pain gone,3256
pain medication,3257
pain medicine,3258
pain relief,3259
painful,3260
painful cyst,3261
painful cystic,3262
pal,3263
palpitation,3264
pancreatitis,3265
panic,3266
panic attack,3267
pant,3268
part,3269
particular,3270
particularly,3271
pas,3272
pass,3273
passed,3274
passing,3275
past,3276
past day,3277
past month,3278
past two,3279
past week,3280
past year,3281
pasta,3282
patch,3283
patch gum,3284
patience,3285
patient,3286
pattern,3287
pay,3288
paying,3289
pcos,3290
pcp,3291
pd,3292
pea,3293
pea size,3294
pea sized,3295
pee,3296
peel,3297
peeled,3298
peeling,3299
pen,3300
penny,3301
people,3302
people say,3303
people saying,3304
per,3305
per day,3306
per month,3307
per night,3308
per week,3309
perfect,3310
perfect skin,3311
perfectly,3312
perhaps,3313
period,3314
period time,3315
permanent,3316
peroxide,3317
persistent,3318
person,3319
personal,3320
personality,3321
personally,3322
pharmacist,3323
pharmacy,3324
phase,3325
phen,3326
phentermine,3327
phentermine day,3328
phentermine month,3329
phone,3330
physical,3331
physically,3332
physician,3333
pick,3334
picked,3335
picture,3336
piece,3337
pigmentation,3338
pill,3339
pill acne,3340
pill also,3341
pill day,3342
pill ever,3343
pill every,3344
pill far,3345
pill first,3346
pill half,3347
pill help,3348
pill lost,3349
pill made,3350
pill make,3351
pill month,3352
pill morning,3353
pill night,3354
pill one,3355
pill per,3356
pill per day,3357
pill really,3358
pill still,3359
pill take,3360
pill tried,3361
pill week,3362
pill work,3363
pill would,3364
pill year,3365
pillow,3366
pimple,3367
pimple around,3368
pimple cheek,3369
pimple face,3370
pizza,3371
place,3372
placebo,3373
plain,3374
plan,3375
planning,3376
plate,3377
plateau,3378
plateaued,3379
play,3380
pleasant,3381
please,3382
pleased,3383
pleased result,3384
plenty,3385
plenty water,3386
plus,3387
pm,3388
pocket,3389
point,3390
poison,3391
polycystic,3392
poor,3393
pop,3394
popping,3395
pore,3396
portion,3397
portion control,3398
portion size,3399
positive,3400
positive result,3401
possible,3402
possible side,3403
possible side effect,3404
possibly,3405
post,3406
posted,3407
posting,3408
potential,3409
pound,3410
pound already,3411
pound day,3412
pound far,3413
pound feel,3414
pound first,3415
pound first week,3416
pound last,3417
pound lost,3418
pound month,3419
pound one,3420
pound pound,3421
pound side,3422
pound side effect,3423
pound since,3424
pound started,3425
pound today,3426
pound week,3427
pound weight,3428
pound weight loss,3429
pound year,3430
pounding,3431
power,3432
powerful,3433
practically,3434
pray,3435
praying,3436
pre,3437
pre diabetic,3438
prefer,3439
pregnancy,3440
pregnant,3441
prepared,3442
prescribe,3443
prescribed,3444
prescribed accutane,3445
prescribed aczone,3446
prescribed ambien,3447
prescribed doctor,3448
prescribed duac,3449
prescribed epiduo,3450
prescribed fioricet,3451
prescribed medication,3452
prescribed medicine,3453
prescribed month,3454
prescribed phentermine,3455
prescribing,3456
prescription,3457
present,3458
pressure,3459
pretty,3460
pretty bad,3461
pretty good,3462
pretty much,3463
pretty well,3464
prevent,3465
prevents,3466
previous,3467
previously,3468
price,3469
price pay,3470
pricey,3471
primary,3472
prior,3473
prior taking,3474
pro,3475
proactiv,3476
proactive,3477
probably,3478
problem,3479
problem acne,3480
problem falling,3481
problem falling asleep,3482
problem sleeping,3483
process,3484
produce,3485
product,3486
product work,3487
productive,3488
program,3489
progress,3490
progressively,3491
promise,3492
promised,3493
prone,3494
proper,3495
properly,3496
protein,3497
protein shake,3498
proud,3499
provided,3500
psych,3501
psychiatrist,3502
psychological,3503
puberty,3504
public,3505
puff,3506
pulled,3507
pump,3508
purchased,3509
purge,3510
purging,3511
purpose,3512
push,3513
pushed,3514
pushing,3515
put,3516
put back,3517
put sleep,3518
putting,3519
qsymia,3520
quality,3521
quality life,3522
queasy,3523
question,3524
quetiapine,3525
quick,3526
quick fix,3527
quicker,3528
quickly,3529
quit,3530
quit chantix,3531
quit cold,3532
quit cold turkey,3533
quit date,3534
quit day,3535
quit drinking,3536
quit smoking,3537
quit taking,3538
quit using,3539
quit year,3540
quite,3541
quite bit,3542
quitting,3543
quitting smoking,3544
qysmia,3545
race,3546
racing,3547
raised,3548
ran,3549
random,3550
range,3551
rapid,3552
rapidly,3553
rare,3554
rarely,3555
rash,3556
rate,3557
rated,3558
rather,3559
rating,3560
raw,3561
reach,3562
reach goal,3563
reached,3564
react,3565
reaction,3566
read,3567
read lot,3568
read many,3569
read review,3570
read side,3571
read side effect,3572
reading,3573
reading review,3574
ready,3575
ready quit,3576
real,3577
real side,3578
real side effect,3579
realize,3580
realized,3581
really,3582
really bad,3583
really bad acne,3584
really dry,3585
really feel,3586
really good,3587
really great,3588
really happy,3589
really hard,3590
really help,3591
really helped,3592
really hope,3593
really hungry,3594
really like,3595
really make,3596
really need,3597
really noticed,3598
really really,3599
really think,3600
really want,3601
really want quit,3602
really wanted,3603
really well,3604
really work,3605
really worked,3606
reason,3607
rebound,3608
recall,3609
receive,3610
received,3611
recent,3612
recently,3613
recently started,3614
recommend,3615
recommend anyone,3616
recommend drug,3617
recommend everyone,3618
recommend medication,3619
recommend medicine,3620
recommend pill,3621
recommend product,3622
recommend taking,3623
recommend trying,3624
recommended,3625
recovery,3626
red,3627
red itchy,3628
red mark,3629
red spot,3630
redness,3631
reduce,3632
reduced,3633
reduces,3634
reducing,3635
reduction,3636
referred,3637
refill,3638
reflux,3639
refreshed,3640
refuse,3641
regarding,3642
regime,3643
regimen,3644
regret,3645
regular,3646
regularly,3647
regulate,3648
rehab,3649
relapse,3650
relapsed,3651
related,3652
relationship,3653
relatively,3654
relax,3655
relaxed,3656
release,3657
released,3658
relief,3659
relieve,3660
relieved,3661
remain,3662
remained,3663
remedy,3664
remember,3665
remembering,3666
remeron,3667
remind,3668
remind eat,3669
remove,3670
removed,3671
replaced,3672
replacement,3673
report,3674
reported,3675
required,3676
requires,3677
research,3678
researched,3679
resistance,3680
resolved,3681
resort,3682
response,3683
rest,3684
rest life,3685
rest night,3686
rested,3687
restful,3688
restful sleep,3689
restless,3690
restless leg,3691
restoril,3692
result,3693
result amazing,3694
result far,3695
result first,3696
result month,3697
result side,3698
result side effect,3699
retin,3700
return,3701
returned,3702
returning,3703
review,3704
review people,3705
reviewer,3706
rid,3707
rid acne,3708
ride,3709
right,3710
right away,3711
right back,3712
right back sleep,3713
right bed,3714
risk,3715
roaccutane,3716
road,3717
roof,3718
room,3719
rough,3720
roughly,3721
round,3722
routine,3723
row,3724
rozerem,3725
ruined,3726
run,3727
running,3728
sad,3729
sadly,3730
safe,3731
said,3732
said take,3733
said would,3734
salad,3735
salicylic,3736
sample,3737
sat,3738
satisfied,3739
saturday,3740
save,3741
saved,3742
saved life,3743
saver,3744
saving,3745
saving card,3746
saw,3747
saw result,3748
saxenda,3749
saxenda month,3750
saxenda week,3751
say,3752
say work,3753
saying,3754
scale,3755
scale program,3756
scar,3757
scare,3758
scared,3759
scarring,3760
scary,3761
schedule,3762
school,3763
sciatica,3764
script,3765
scrub,3766
second,3767
second day,3768
second dose,3769
second month,3770
second night,3771
second pill,3772
second time,3773
second week,3774
sedated,3775
see,3776
see change,3777
see dermatologist,3778
see difference,3779
see doctor,3780
see go,3781
see happens,3782
see help,3783
see improvement,3784
see much,3785
see result,3786
see weight,3787
see work,3788
see would,3789
seeing,3790
seeing result,3791
seem,3792
seemed,3793
seemed help,3794
seemed like,3795
seemed work,3796
seems,3797
seems help,3798
seems like,3799
seems work,3800
seems working,3801
seen,3802
seen improvement,3803
seizure,3804
self,3805
self confidence,3806
self conscious,3807
self esteem,3808
send,3809
senior,3810
sensation,3811
sense,3812
sensitive,3813
sensitive skin,3814
sensitivity,3815
sent,3816
sept,3817
september,3818
serious,3819
serious side,3820
serious side effect,3821
seriously,3822
seroquel,3823
set,3824
settle,3825
seven,3826
several,3827
several day,3828
several hour,3829
several month,3830
several time,3831
several week,3832
several year,3833
severe,3834
severe acne,3835
severe cystic,3836
severe cystic acne,3837
severe depression,3838
severe dry,3839
severe headache,3840
severe insomnia,3841
severe nausea,3842
severe pain,3843
severe side,3844
severe side effect,3845
severely,3846
severity,3847
sex,3848
sex drive,3849
sexual,3850
shake,3851
shaking,3852
shaky,3853
shall,3854
shape,3855
share,3856
share experience,3857
shed,3858
shift,3859
shirt,3860
shocked,3861
short,3862
short period,3863
short period time,3864
short term,3865
short time,3866
shortly,3867
shortness,3868
shortness breath,3869
shot,3870
shoulder,3871
show,3872
showed,3873
shower,3874
showing,3875
shut,3876
sick,3877
sick stomach,3878
sickness,3879
side,3880
side affect,3881
side effect,3882
side effect also,3883
side effect away,3884
side effect bad,3885
side effect constipation,3886
side effect day,3887
side effect drug,3888
side effect dry,3889
side effect except,3890
side effect experienced,3891
side effect far,3892
side effect feel,3893
side effect feeling,3894
side effect first,3895
side effect get,3896
side effect gone,3897
side effect headache,3898
side effect horrible,3899
side effect however,3900
side effect like,3901
side effect little,3902
side effect lost,3903
side effect medication,3904
side effect medicine,3905
side effect mild,3906
side effect minimal,3907
side effect much,3908
side effect nausea,3909
side effect noticed,3910
side effect people,3911
side effect really,3912
side effect severe,3913
side effect slight,3914
side effect started,3915
side effect still,3916
side effect take,3917
side effect taking,3918
side effect took,3919
side effect week,3920
side effect weight,3921
side effect went,3922
side effect whatsoever,3923
side effect worth,3924
side effect would,3925
side effect yet,3926
sight,3927
sign,3928
significant,3929
significantly,3930
silenor,3931
similar,3932
simple,3933
simply,3934
since,3935
since age,3936
since beginning,3937
since day,3938
since first,3939
since grade,3940
since last,3941
since lost,3942
since month,3943
since started,3944
since started taking,3945
since starting,3946
since stopped,3947
since taking,3948
since tried,3949
since using,3950
since year,3951
since year old,3952
single,3953
sinus,3954
sister,3955
sit,3956
site,3957
sitting,3958
situation,3959
six,3960
six month,3961
six week,3962
size,3963
size size,3964
sized,3965
skeptical,3966
skin,3967
skin acne,3968
skin almost,3969
skin also,3970
skin bad,3971
skin became,3972
skin become,3973
skin broke,3974
skin burn,3975
skin clear,3976
skin cleared,3977
skin clearing,3978
skin completely,3979
skin completely clear,3980
skin dry,3981
skin even,3982
skin face,3983
skin feel,3984
skin first,3985
skin flawless,3986
skin get,3987
skin getting,3988
skin got,3989
skin lip,3990
skin look,3991
skin looked,3992
skin looking,3993
skin much,3994
skin never,3995
skin peeling,3996
skin perfect,3997
skin really,3998
skin red,3999
skin sensitive,4000
skin skin,4001
skin smooth,4002
skin started,4003
skin still,4004
skin type,4005
skin worse,4006
skin would,4007
skin year,4008
skip,4009
sleep,4010
sleep aid,4011
sleep also,4012
sleep better,4013
sleep day,4014
sleep every,4015
sleep feel,4016
sleep first,4017
sleep good,4018
sleep great,4019
sleep hour,4020
sleep hour night,4021
sleep hr,4022
sleep issue,4023
sleep like,4024
sleep like baby,4025
sleep med,4026
sleep medication,4027
sleep medicine,4028
sleep much,4029
sleep night,4030
sleep problem,4031
sleep side,4032
sleep side effect,4033
sleep sleep,4034
sleep stay,4035
sleep take,4036
sleep taking,4037
sleep time,4038
sleep tried,4039
sleep wake,4040
sleep walking,4041
sleep well,4042
sleep within,4043
sleep without,4044
sleep would,4045
sleeper,4046
sleepiness,4047
sleeping,4048
sleeping better,4049
sleeping hour,4050
sleeping night,4051
sleeping pill,4052
sleeping problem,4053
sleepless,4054
sleepless night,4055
sleeplessness,4056
sleepwalking,4057
sleepy,4058
slept,4059
slept hour,4060
slept like,4061
slept night,4062
slept well,4063
slice,4064
slight,4065
slight headache,4066
slight nausea,4067
slightly,4068
slow,4069
slow steady,4070
slowed,4071
slower,4072
slowly,4073
sluggish,4074
small,4075
small amount,4076
small bump,4077
small meal,4078
small pimple,4079
small portion,4080
smaller,4081
smaller portion,4082
smart,4083
smell,4084
smoke,4085
smoke cigarette,4086
smoke free,4087
smoke free day,4088
smoke free month,4089
smoke free year,4090
smoked,4091
smoked cigarette,4092
smoked pack,4093
smoked pack day,4094
smoked since,4095
smoked year,4096
smoker,4097
smoker year,4098
smoking,4099
smoking cigarette,4100
smoking day,4101
smoking pack,4102
smoking pack day,4103
smoking since,4104
smoking year,4105
smooth,4106
smoother,4107
snack,4108
snacking,4109
soap,4110
sober,4111
sobriety,4112
social,4113
soda,4114
soft,4115
softener,4116
solid,4117
solid hour,4118
solodyn,4119
solution,4120
solved,4121
someone,4122
something,4123
something else,4124
something help,4125
something like,4126
something work,4127
something would,4128
sometimes,4129
sometimes get,4130
somewhat,4131
somewhere,4132
son,4133
sonata,4134
soon,4135
sooner,4136
sore,4137
sore throat,4138
sorry,4139
sort,4140
sound,4141
soundly,4142
sparingly,4143
spasm,4144
speak,4145
specialist,4146
speed,4147
spell,4148
spend,4149
spending,4150
spent,4151
spf,4152
spike,4153
spinal,4154
spine,4155
spiro,4156
spironolactone,4157
split,4158
spoke,4159
sport,4160
spot,4161
spot treatment,4162
spotting,4163
spread,4164
sprintec,4165
stable,4166
stage,4167
stair,4168
stand,4169
star,4170
stared,4171
start,4172
start taking,4173
start using,4174
start weight,4175
start working,4176
started,4177
started accutane,4178
started adipex,4179
started back,4180
started belviq,4181
started breaking,4182
started chantix,4183
started clear,4184
started clearing,4185
started contrave,4186
started day,4187
started day ago,4188
started dose,4189
started drinking,4190
started drug,4191
started exercising,4192
started feel,4193
started feeling,4194
started first,4195
started get,4196
started getting,4197
started going,4198
started last,4199
started lb,4200
started lb lb,4201
started lost,4202
started med,4203
started medication,4204
started medicine,4205
started month,4206
started noticing,4207
started phentermine,4208
started pill,4209
started pound,4210
started qsymia,4211
started saxenda,4212
started seeing,4213
started smoking,4214
started take,4215
started taking,4216
started taking adipex,4217
started taking belviq,4218
started taking chantix,4219
started taking contrave,4220
started taking medication,4221
started taking medicine,4222
started taking phentermine,4223
started taking pill,4224
started taking victoza,4225
started today,4226
started trulicity,4227
started using,4228
started using epiduo,4229
started victoza,4230
started week,4231
started week ago,4232
started weight,4233
started working,4234
starter,4235
starting,4236
starting contrave,4237
starting feel,4238
starting get,4239
starting medication,4240
starting week,4241
starting weight,4242
starting weight lb,4243
starting weight today,4244
starving,4245
state,4246
stated,4247
stay,4248
stay asleep,4249
stay awake,4250
stay away,4251
stayed,4252
staying,4253
staying asleep,4254
steadily,4255
steady,4256
step,4257
steroid,4258
stick,4259
sticking,4260
still,4261
still acne,4262
still breaking,4263
still craving,4264
still eat,4265
still eating,4266
still feel,4267
still get,4268
still get pimple,4269
still getting,4270
still hungry,4271
still losing,4272
still need,4273
still sleep,4274
still smoking,4275
still take,4276
still taking,4277
still use,4278
still using,4279
still wake,4280
still work,4281
sting,4282
stinging,4283
stomach,4284
stomach ache,4285
stomach cramp,4286
stomach issue,4287
stomach pain,4288
stomach problem,4289
stomach upset,4290
stone,4291
stool,4292
stool softener,4293
stop,4294
stop drinking,4295
stop eating,4296
stop smoking,4297
stop taking,4298
stop using,4299
stop working,4300
stopped,4301
stopped drinking,4302
stopped smoking,4303
stopped taking,4304
stopped taking pill,4305
stopped using,4306
stopped working,4307
stopping,4308
store,4309
story,4310
story short,4311
straight,4312
strange,4313
strange dream,4314
strength,4315
stress,4316
stressed,4317
stressful,4318
strict,4319
strict diet,4320
stroke,4321
strong,4322
stronger,4323
strongly,4324
struggle,4325
struggled,4326
struggled acne,4327
struggled weight,4328
struggling,4329
struggling acne,4330
stubborn,4331
stuck,4332
student,4333
study,4334
stuff,4335
stuff amazing,4336
stuff work,4337
stupid,4338
style,4339
subside,4340
subsided,4341
subsides,4342
success,4343
successful,4344
successfully,4345
suck,4346
sudden,4347
suddenly,4348
suffer,4349
suffered,4350
suffered acne,4351
suffered insomnia,4352
suffering,4353
suffering acne,4354
sugar,4355
sugar control,4356
sugar craving,4357
sugar dropped,4358
sugar great,4359
sugar level,4360
sugar number,4361
sugar reading,4362
sugar went,4363
sugary,4364
suggest,4365
suggested,4366
suggestion,4367
suicidal,4368
suicidal thought,4369
sulfur,4370
summer,4371
sun,4372
sunburn,4373
sunday,4374
sunscreen,4375
super,4376
supplement,4377
supply,4378
support,4379
suppose,4380
supposed,4381
suppress,4382
suppress appetite,4383
suppressant,4384
suppressed,4385
suppressed appetite,4386
suppresses,4387
suppresses appetite,4388
suppression,4389
sure,4390
sure drink,4391
sure eat,4392
sure get,4393
sure take,4394
surely,4395
surface,4396
surgery,4397
surprise,4398
surprised,4399
surprisingly,4400
swear,4401
sweat,4402
sweating,4403
sweet,4404
swell,4405
swelling,4406
swing,4407
switch,4408
switched,4409
switching,4410
swollen,4411
symptom,4412
syndrome,4413
system,4414
tab,4415
tablet,4416
tablet day,4417
take,4418
take ambien,4419
take another,4420
take anymore,4421
take away,4422
take care,4423
take daily,4424
take day,4425
take dose,4426
take drug,4427
take edge,4428
take empty,4429
take empty stomach,4430
take every,4431
take every night,4432
take food,4433
take get,4434
take half,4435
take half pill,4436
take hour,4437
take little,4438
take long,4439
take med,4440
take medication,4441
take medicine,4442
take metformin,4443
take minute,4444
take month,4445
take morning,4446
take much,4447
take night,4448
take one,4449
take one pill,4450
take pain,4451
take pill,4452
take second,4453
take shot,4454
take tablet,4455
take time,4456
take twice,4457
take twice day,4458
take two,4459
take week,4460
take work,4461
taken,4462
taken ambien,4463
taken medication,4464
taken pill,4465
taking,4466
taking accutane,4467
taking adipex,4468
taking ambien,4469
taking ambien year,4470
taking belviq,4471
taking birth,4472
taking birth control,4473
taking campral,4474
taking chantix,4475
taking contrave,4476
taking contrave week,4477
taking day,4478
taking drug,4479
taking every,4480
taking first,4481
taking half,4482
taking half pill,4483
taking invokana,4484
taking lunesta,4485
taking med,4486
taking medication,4487
taking medicine,4488
taking metformin,4489
taking month,4490
taking morning,4491
taking night,4492
taking one,4493
taking one pill,4494
taking phentermine,4495
taking pill,4496
taking pill day,4497
taking qsymia,4498
taking saxenda,4499
taking tablet,4500
taking time,4501
taking trazodone,4502
taking trulicity,4503
taking two,4504
taking victoza,4505
taking week,4506
taking yaz,4507
taking year,4508
talk,4509
talk doctor,4510
talked,4511
talked doctor,4512
talking,4513
tall,4514
taper,4515
tapered,4516
tapering,4517
target,4518
taste,4519
taste good,4520
taste like,4521
taste mouth,4522
tasted,4523
tasting,4524
tazorac,4525
tea,4526
tear,4527
teen,4528
teen year,4529
teenage,4530
teenager,4531
teeth,4532
tell,4533
telling,4534
temazepam,4535
temporary,4536
ten,4537
ten pound,4538
ten year,4539
tend,4540
tender,4541
tenderness,4542
tension,4543
tension headache,4544
tenuate,4545
term,4546
term use,4547
terrible,4548
terrible acne,4549
terrible side,4550
terrible side effect,4551
terribly,4552
terrified,4553
terror,4554
test,4555
tested,4556
testing,4557
tetracycline,4558
texture,4559
thank,4560
thank chantix,4561
thank god,4562
thankful,4563
thankfully,4564
thanks,4565
thanks chantix,4566
thanksgiving,4567
thats,4568
therapy,4569
therefore,4570
thick,4571
thigh,4572
thin,4573
thin layer,4574
thing,4575
thing ever,4576
thing help,4577
thing helped,4578
thing like,4579
thing morning,4580
thing noticed,4581
thing remember,4582
thing say,4583
thing work,4584
thing worked,4585
think,4586
think could,4587
think food,4588
think going,4589
think would,4590
thinking,4591
thinking food,4592
thinner,4593
third,4594
third day,4595
third month,4596
third week,4597
thirst,4598
thirsty,4599
thirty,4600
tho,4601
though,4602
thought,4603
thought could,4604
thought going,4605
thought would,4606
three,4607
three day,4608
three month,4609
three time,4610
three week,4611
three week ago,4612
three year,4613
threw,4614
thrilled,4615
throat,4616
throughout,4617
throughout day,4618
throughout night,4619
throw,4620
throwing,4621
thru,4622
thumb,4623
thursday,4624
thus,4625
thus far,4626
thyroid,4627
tight,4628
til,4629
till,4630
time,4631
time also,4632
time around,4633
time day,4634
time doctor,4635
time ever,4636
time feel,4637
time felt,4638
time first,4639
time get,4640
time getting,4641
time got,4642
time last,4643
time life,4644
time lost,4645
time make,4646
time month,4647
time never,4648
time night,4649
time per,4650
time per week,4651
time quit,4652
time really,4653
time side,4654
time side effect,4655
time since,4656
time sleep,4657
time started,4658
time still,4659
time take,4660
time taking,4661
time time,4662
time took,4663
time tried,4664
time used,4665
time using,4666
time week,4667
time went,4668
time work,4669
time worse,4670
time would,4671
time year,4672
tingling,4673
tingly,4674
tiny,4675
tip,4676
tired,4677
tired time,4678
tiredness,4679
tobacco,4680
today,4681
today day,4682
today first,4683
today first day,4684
today lb,4685
today lost,4686
today lost lb,4687
today pound,4688
today weigh,4689
today weigh lb,4690
today weighed,4691
toe,4692
together,4693
toilet,4694
told,4695
told doctor,4696
told take,4697
told try,4698
told would,4699
tolerable,4700
tolerance,4701
tolerate,4702
tomorrow,4703
ton,4704
ton energy,4705
ton water,4706
tone,4707
tongue,4708
tonight,4709
took,4710
took accutane,4711
took ambien,4712
took away,4713
took chantix,4714
took contrave,4715
took day,4716
took dose,4717
took first,4718
took first dose,4719
took first pill,4720
took half,4721
took medication,4722
took medicine,4723
took month,4724
took one,4725
took pill,4726
took time,4727
took two,4728
took week,4729
took year,4730
tool,4731
top,4732
topamax,4733
topical,4734
topical cream,4735
topicals,4736
topiramate,4737
tossing,4738
tossing turning,4739
total,4740
total lb,4741
total pound,4742
totally,4743
totally clear,4744
totally worth,4745
touch,4746
touched,4747
tough,4748
toward,4749
towards,4750
towards end,4751
towel,4752
track,4753
trade,4754
trainer,4755
training,4756
tramadol,4757
travel,4758
trazadone,4759
trazodone,4760
treadmill,4761
treat,4762
treat acne,4763
treated,4764
treating,4765
treatment,4766
treatment acne,4767
tremendously,4768
tresiba,4769
tretinoin,4770
tretinoin cream,4771
tri,4772
tri cyclen,4773
tri sprintec,4774
trial,4775
trick,4776
tried,4777
tried almost,4778
tried ambien,4779
tried chantix,4780
tried different,4781
tried every,4782
tried everything,4783
tried everything nothing,4784
tried lot,4785
tried many,4786
tried many different,4787
tried many thing,4788
tried patch,4789
tried quit,4790
tried several,4791
tried taking,4792
trigger,4793
trinessa,4794
trip,4795
trouble,4796
trouble falling,4797
trouble falling asleep,4798
trouble sleeping,4799
true,4800
trulicity,4801
trulicity month,4802
truly,4803
trust,4804
try,4805
try chantix,4806
try eat,4807
try get,4808
try something,4809
try stay,4810
trying,4811
trying eat,4812
trying get,4813
trying lose,4814
trying lose weight,4815
trying quit,4816
tube,4817
tuesday,4818
tummy,4819
turkey,4820
turn,4821
turned,4822
turning,4823
twenty,4824
twice,4825
twice daily,4826
twice day,4827
twice week,4828
two,4829
two day,4830
two day ago,4831
two hour,4832
two month,4833
two month ago,4834
two night,4835
two pill,4836
two three,4837
two time,4838
two week,4839
two week ago,4840
two week lost,4841
two year,4842
two year ago,4843
tylenol,4844
type,4845
type diabetes,4846
type diabetic,4847
typical,4848
typically,4849
ugly,4850
unable,4851
unbearable,4852
unbelievable,4853
uncomfortable,4854
uncontrollable,4855
understand,4856
unfortunately,4857
unhealthy,4858
unisom,4859
unit,4860
unless,4861
unlike,4862
unpleasant,4863
unsure,4864
unusual,4865
update,4866
update month,4867
update week,4868
updated,4869
upon,4870
upped,4871
upped dose,4872
upper,4873
ups,4874
upset,4875
upset stomach,4876
urge,4877
urge eat,4878
urge smoke,4879
urinate,4880
urination,4881
urine,4882
us,4883
usage,4884
use,4885
use cetaphil,4886
use day,4887
use epiduo,4888
use every,4889
use every night,4890
use morning,4891
use night,4892
use product,4893
used,4894
used chantix,4895
used get,4896
used medication,4897
used medicine,4898
used month,4899
used product,4900
used take,4901
used week,4902
used year,4903
useless,4904
user,4905
using,4906
using chantix,4907
using cream,4908
using day,4909
using differin,4910
using drug,4911
using duac,4912
using epiduo,4913
using every,4914
using medication,4915
using medicine,4916
using month,4917
using product,4918
using retin,4919
using skin,4920
using victoza,4921
using week,4922
using year,4923
usual,4924
usually,4925
usually get,4926
usually take,4927
vacation,4928
valium,4929
various,4930
vegetable,4931
veggie,4932
vengeance,4933
version,4934
vertigo,4935
vicodin,4936
victoza,4937
victoza day,4938
victoza month,4939
victoza since,4940
victoza week,4941
victoza week ago,4942
virtually,4943
visible,4944
vision,4945
visit,4946
visited,4947
vitamin,4948
vivid,4949
vivid dream,4950
vodka,4951
vomit,4952
vomited,4953
vomiting,4954
vomiting diarrhea,4955
waist,4956
wait,4957
wait see,4958
waited,4959
waiting,4960
wake,4961
wake every,4962
wake feeling,4963
wake hour,4964
wake middle,4965
wake middle night,4966
wake morning,4967
wake night,4968
wake refreshed,4969
waking,4970
walk,4971
walk mile,4972
walked,4973
walking,4974
wall,4975
want,4976
want drink,4977
want eat,4978
want get,4979
want lose,4980
want lose weight,4981
want quit,4982
want smoke,4983
want stop,4984
want take,4985
want try,4986
wanted,4987
wanted quit,4988
wanted try,4989
wanting,4990
warn,4991
warned,4992
warning,4993
wash,4994
wash face,4995
washed,4996
washing,4997
washing face,4998
waste,4999
waste money,5000
wasted,5001
watch,5002
watch eat,5003
watched,5004
watcher,5005
watching,5006
watching eat,5007
water,5008
water day,5009
water help,5010
water intake,5011
water weight,5012
wave,5013
way,5014
way better,5015
way le,5016
way much,5017
weak,5018
weakness,5019
wean,5020
wear,5021
wear makeup,5022
wearing,5023
website,5024
wedding,5025
wednesday,5026
week,5027
week acne,5028
week ago,5029
week ago lost,5030
week already,5031
week also,5032
week chantix,5033
week contrave,5034
week day,5035
week eat,5036
week even,5037
week experienced,5038
week face,5039
week far,5040
week feel,5041
week feeling,5042
week felt,5043
week first,5044
week first week,5045
week get,5046
week going,5047
week good,5048
week got,5049
week great,5050
week half,5051
week horrible,5052
week increased,5053
week later,5054
week lb,5055
week lost,5056
week lost lb,5057
week lost pound,5058
week medication,5059
week month,5060
week nausea,5061
week never,5062
week nothing,5063
week noticed,5064
week one,5065
week period,5066
week pill,5067
week pound,5068
week quit,5069
week really,5070
week saw,5071
week second,5072
week see,5073
week seen,5074
week side,5075
week side effect,5076
week since,5077
week skin,5078
week smoked,5079
week start,5080
week started,5081
week starting,5082
week still,5083
week stopped,5084
week take,5085
week taking,5086
week three,5087
week time,5088
week today,5089
week took,5090
week trial,5091
week tried,5092
week two,5093
week use,5094
week using,5095
week week,5096
week weight,5097
week went,5098
week without,5099
week work,5100
week would,5101
weekend,5102
weekly,5103
weigh,5104
weigh lb,5105
weigh pound,5106
weighed,5107
weighed lb,5108
weighed pound,5109
weighed today,5110
weighed yet,5111
weighing,5112
weighing lb,5113
weight,5114
weight also,5115
weight back,5116
weight come,5117
weight day,5118
weight even,5119
weight feel,5120
weight first,5121
weight gain,5122
weight gained,5123
weight goal,5124
weight lb,5125
weight lose,5126
weight loss,5127
weight loss journey,5128
weight loss lb,5129
weight loss yet,5130
weight lost,5131
weight pound,5132
weight problem,5133
weight side,5134
weight side effect,5135
weight since,5136
weight started,5137
weight still,5138
weight today,5139
weight watcher,5140
weight week,5141
weight went,5142
weight year,5143
weight yet,5144
weightloss,5145
weird,5146
weird dream,5147
weird side,5148
weird side effect,5149
well,5150
well day,5151
well first,5152
well side,5153
well side effect,5154
well started,5155
well take,5156
well worth,5157
well year,5158
wellbutrin,5159
went,5160
went away,5161
went back,5162
went back doctor,5163
went bed,5164
went day,5165
went dermatologist,5166
went dermatologist prescribed,5167
went doctor,5168
went lb,5169
went month,5170
went see,5171
went size,5172
whatever,5173
whatsoever,5174
whenever,5175
whether,5176
whilst,5177
white,5178
white head,5179
whitehead,5180
whole,5181
whole day,5182
whole face,5183
whole life,5184
whole lot,5185
whole pill,5186
whole time,5187
wide,5188
wide awake,5189
wife,5190
wild,5191
willing,5192
willpower,5193
win,5194
wine,5195
winter,5196
wipe,5197
wise,5198
wish,5199
wish could,5200
wish luck,5201
wish would,5202
withdrawal,5203
withdrawal symptom,5204
within,5205
within day,5206
within first,5207
within first month,5208
within first week,5209
within hour,5210
within min,5211
within minute,5212
within minute taking,5213
within month,5214
within two,5215
within two week,5216
within week,5217
without,5218
without exercise,5219
without feeling,5220
without makeup,5221
without side,5222
without side effect,5223
without waking,5224
wks,5225
woke,5226
woke feeling,5227
woke morning,5228
woke next,5229
woman,5230
wonder,5231
wonder drug,5232
wonder skin,5233
wonderful,5234
wonderfully,5235
wondering,5236
wont,5237
word,5238
wore,5239
work,5240
work acne,5241
work also,5242
work amazing,5243
work best,5244
work better,5245
work day,5246
work fast,5247
work feel,5248
work fine,5249
work first,5250
work good,5251
work great,5252
work hour,5253
work like,5254
work make,5255
work night,5256
work quickly,5257
work really,5258
work really well,5259
work side,5260
work side effect,5261
work take,5262
work time,5263
work tried,5264
work well,5265
work wonder,5266
work work,5267
work would,5268
worked,5269
worked finally,5270
worked first,5271
worked great,5272
worked like,5273
worked really,5274
worked really well,5275
worked tried,5276
worked well,5277
worked wonder,5278
worker,5279
working,5280
working day,5281
working great,5282
working well,5283
workout,5284
world,5285
worried,5286
worry,5287
worse,5288
worse ever,5289
worse first,5290
worse get,5291
worse get better,5292
worse got,5293
worse got better,5294
worse started,5295
worse worse,5296
worsened,5297
worst,5298
worst acne,5299
worst breakout,5300
worst ever,5301
worst side,5302
worst side effect,5303
worst thing,5304
worth,5305
worth every,5306
worth side,5307
worth try,5308
would,5309
would able,5310
would always,5311
would away,5312
would clear,5313
would come,5314
would definitely,5315
would definitely recommend,5316
would eat,5317
would feel,5318
would get,5319
would give,5320
would help,5321
would highly,5322
would highly recommend,5323
would like,5324
would love,5325
would make,5326
would never,5327
would rather,5328
would recommend,5329
would recommend anyone,5330
would say,5331
would start,5332
would still,5333
would suggest,5334
would take,5335
would try,5336
would wake,5337
would work,5338
wow,5339
wrinkle,5340
write,5341
write review,5342
writing,5343
written,5344
wrong,5345
wrote,5346
xanax,5347
xenical,5348
xyzal,5349
yasmin,5350
yay,5351
yaz,5352
yaz month,5353
yeah,5354
year,5355
year acne,5356
year ago,5357
year ago lost,5358
year also,5359
year always,5360
year back,5361
year college,5362
year doctor,5363
year due,5364
year feel,5365
year finally,5366
year first,5367
year got,5368
year half,5369
year high,5370
year high school,5371
year last,5372
year later,5373
year lost,5374
year month,5375
year never,5376
year nothing,5377
year old,5378
year old female,5379
year old male,5380
year old started,5381
year old woman,5382
year one,5383
year pack,5384
year pack day,5385
year prescribed,5386
year quit,5387
year really,5388
year side,5389
year side effect,5390
year since,5391
year skin,5392
year sleep,5393
year smoke,5394
year smoke free,5395
year smoking,5396
year started,5397
year still,5398
year stopped,5399
year take,5400
year taking,5401
year time,5402
year took,5403
year tried,5404
year tried everything,5405
year trying,5406
year used,5407
year using,5408
year went,5409
year without,5410
year work,5411
year worked,5412
year would,5413
year year,5414
yeast,5415
yeast infection,5416
yes,5417
yesterday,5418
yet,5419
yogurt,5420
young,5421
younger,5422
yr,5423
yr ago,5424
yr old,5425
zero,5426
zero side,5427
zero side effect,5428
ziana,5429
zit,5430
zoloft,5431
zolpidem,5432
zombie,5433
zone,5434
zyban,5435
